<?xml version="1.0" encoding="UTF-8"?>
<project-private xmlns="http://www.netbeans.org/ns/project-private/1">
    <editor-bookmarks xmlns="http://www.netbeans.org/ns/editor-bookmarks/2" lastBookmarkId="0"/>
    <open-files xmlns="http://www.netbeans.org/ns/projectui-open-files/2">
        <group>
            <file>file:/C:/Users/haze9/Desktop/DAM/M3%20Programació/Projecte2/Gimnas/src/gimnas/Activitat.java</file>
            <file>file:/C:/Users/haze9/Desktop/DAM/M3%20Programació/Projecte2/Gimnas/src/gimnas/CompteBancari.java</file>
            <file>file:/C:/Users/haze9/Desktop/DAM/M3%20Programació/Projecte2/Gimnas/src/gimnas/Client.java</file>
            <file>file:/C:/Users/haze9/Desktop/DAM/M3%20Programació/Projecte2/Gimnas/src/gimnas/Gimnas.java</file>
            <file>file:/C:/Users/haze9/Desktop/DAM/M3%20Programació/Projecte2/Gimnas/src/gimnas/Reserva.java</file>
            <file>file:/C:/Users/haze9/Desktop/DAM/M3%20Programació/Projecte2/Gimnas/src/gimnas/Dni.java</file>
            <file>file:/C:/Users/haze9/Desktop/DAM/M3%20Programació/Projecte2/Gimnas/src/gimnas/Telefon.java</file>
            <file>file:/C:/Users/haze9/Desktop/DAM/M3%20Programació/Projecte2/Gimnas/src/gimnas/Connexio.java</file>
            <file>file:/C:/Users/haze9/Desktop/DAM/M3%20Programació/Projecte2/Gimnas/src/gimnas/Email.java</file>
            <file>file:/C:/Users/haze9/Desktop/DAM/M3%20Programació/Projecte2/Gimnas/src/gimnas/GimnasApp.java</file>
        </group>
    </open-files>
</project-private>
